003B3C4A-B40C-45AA-8518-D2CF0A17864E#appfire#SELECT salesRegion.regionname FROM SalesRegion AS salesRegion,UserAccess AS userAccess 
 WHERE 
  userAccess.region = salesRegion.regioncode 
 AND userAccess.userId = :userId 
 
 
 #appfire#2#appfire#H4sIAAAAAAAAAO1W32/aMBD+VyY/Y+SAIQFpDwkBFU1DFd2PhwpVJjbUVXBQbFoY4n/fhQRIILDRqeom7dF39t333X25yxq9PIpYoPb9elNZo4cgUqqvuFiiNhrblBJLWXjWsAmmhHNMxsTG1G4xR7F6i7bGqIIe5iwWyuxeSf09iTiMIgPOUEwMaq+RYjNIgmIxlZEC+zMLF4lhoUXsBoHQulr0fVnNwW9VEGeGpQf0zR12btwhXOFSz0O2GqRRh7uXL5JPBeRDQTQbR2BgoWQazl/3acAILwNxE4VcxHlIEylCnmWSeigmwEIFAjzArhOpiZzmmBQiSg4Wx687nkcsbNesHqZ+z8Oe7bVw1+t0CW10ad3uwF2TZvicQ7coxFLS3G4r6p66NxnMA5ztcXBU3eNqX4xZhuPQjDOVzhfriT2zasjUtHpnYqmm6EzTlhn1XXO2Me7kj8TWpAlMfftJrFB7wkItNsA1mouYmShp00fwx3L6eKqmIOIipyjNQqFTnNXTC9fL6kP2fK8tI5ZmCz1XubtD0jMCy6JcJ7Ji2K3KLNuhbqfr4Y5Na5g2iYfdZo9gu9Xs0VqPdP2uXa4yXQx2Iom8/3d0ljEq68Xl4KWQir261Ig/kV6+d2flZ+IFqC8Zh7EImUkgt5E78NHJhLSsOnc4HeOaxZK5SJrYCmwHNwNGWMOhs1qdXDkhk2+wz8snZNF3jZSTafXK+bhP+u/Pxz2V41pfPx/3T0vr/FdMxxMltcv0U3sn/fgrgCmD/+p5F/VUkAYcMNn6ar4w6cgDpAZyjBdGHDPeO3zIbc4g22xGWV6d/E6WbIxt4Y42RmZ7/cbIApRujMz35hsjLeoooQHlBB5sltagNPSZ7+OSTn7B4A2aCWSeIqngU+AyXYH3o81PsY0m3y4MAAA=#appfire#UserQuery#appfire#USERQUERY#appfire#6B0D7C2D-15C3-44F2-9538-82AF92643140#appfire#HX8GNHQR37HO4ZOHCVDUW#appfire#1#appfire#0#appfire#2016-06-04 13:08:31.0#appfire#0#appfire#2016-06-04 13:08:31.0#appfire#0#appfire#1#appfire#\N#appfire#1#appfirenewline#006D2F1B-A59D-4EF8-9389-D3D1A08D6FD6#appfire#SELECT u FROM Login u WHERE u.systemInfo.activeStatus=1 AND u.user.userId NOT IN (SELECT ub.userId FROM UserRoleBridge ub)#appfire#1#appfire#\N#appfire#findUnMappedUser#appfire#FINDUNMAPPEDUSER#appfire#6B0D7C2D-15C3-44F2-9538-82AF92643140#appfire#HX8GNHQR37HO4ZOHCVDUW#appfire#1#appfire#0#appfire#2016-06-04 13:08:31.0#appfire#0#appfire#2016-06-04 13:08:31.0#appfire#0#appfire#1#appfire#\N#appfire#0#appfirenewline#40766630-55C0-41F8-B58D-2979886E660C#appfire#SELECT zenHealthStatus.healthId,zenHealthStatus.scheduledDateTime,zenHealthStatus.serverInstanceId,zenHealthStatus.serverIpAddress, FUNCTION('ROUND',100 - (zenHealthStatus.usedSpace/zenHealthStatus.totalSpace )* 100) AS freeSpace, FUNCTION('ROUND',(zenHealthStatus.usedSpace/zenHealthStatus.totalSpace )* 100 ) AS usedSpace, FUNCTION('ROUND',(zenHealthStatus.totalSpace/1024)/1024) AS totalSpace, zenHealthStatus.status FROM ZenHealthStatus AS zenHealthStatus ORDER BY zenHealthStatus.scheduledDateTime DESC#appfire#2#appfire#H4sIAAAAAAAAAMWWXU/CMBiF/8uuCQkaveBuComLioRNbwwxL/SF1XRlth3yEf67KzjTrjV+TMPddk532vNk77Jt8JqiwKD7OG4FM4qMyPJ6e7gcQFY6QYrAVBqRoBVwR6GcqiEI5CpkFMqHgw3yq70fK1CFLNeA32kbMYTKnMHa3XF/kGSda/kZltBmwOftWAnK5/o5UPDuPoSXV+Go1FbqIPAim6DYB1RBMd1op9PRJ5fDa1wHXSUK3LXsynKaIikYkh4oTGipfXT3WU0g+PJsGr4VDhb5wtrakwqy3AbTC5N+Et32DTSliz4wBpYZMOlyQbFEEfFyFz5F85XwOI2ouHE1KO4C/6sScYVzFDaSaJAYNBSulI/G6Tdx5CEhAqV0aBjGH8Aw0rwsDP8nUzOqjc2vacwEYpzD1BgWU2pCwMyxu2vnqbL8tXuLYsKwNhN39xc35kR8/rH4qnYhkdRqm1KT2maOXdt0jtJaLRSwWm1La9LbCrKLW9ZRmsvq9Lx232jEqwW1ya7k/xjok7Nzp+tY18gL3QMy/Ssw3r0Ble6VjSMIAAA=#appfire#System Memory Usage#appfire#SYSTEM MEMORY USAGE#appfire#6B0D7C2D-15C3-44F2-9538-82AF92643140#appfire#HX8GNHQR37HO4ZOHCVDUW#appfire#1#appfire#0#appfire#2016-06-04 13:08:31.0#appfire#0#appfire#2016-06-04 13:08:31.0#appfire#0#appfire#1#appfire#\N#appfire#0#appfirenewline#62E4459B-0906-4E0D-BFEA-7D682CDE3408#appfire#delete from SessionData e where e.systemInfo.activeStatus=1 and e.appSessionId=:appSessionId#appfire#1#appfire#\N#appfire#deleteAllSessionData#appfire#DELETEALLSESSIONDATA#appfire#6B0D7C2D-15C3-44F2-9538-82AF92643140#appfire#HX8GNHQR37HO4ZOHCVDUW#appfire#1#appfire#0#appfire#2016-06-04 13:08:31.0#appfire#0#appfire#2016-06-04 13:08:31.0#appfire#0#appfire#1#appfire#\N#appfire#0#appfirenewline#64D310BC-2263-413A-B459-4778A07364FA#appfire#SELECT salesRegion.regionname,retailer.retailername,distributor.distributorname,distributor.longitude,distributor.lattitude,currentMonth.monthid,currentMonth.monthname,salesData.autoid,salesData.channelId,salesData.salesdate,salesData.salesyear,salesData.salesinvoicenbr,salesData.materialdesc,salesData.branddesc,salesData.salesqty,salesData.netsalesamt,salesData.grosssalesamt,salesData.materialcode,salesData.brandcode,salesData.category,salesData.entityAudit.updatedDate FROM SalesRegion AS salesRegion,Retailer AS retailer,Distributor AS distributor,CurrentMonth AS currentMonth,SalesData AS salesData 
 WHERE 
  salesData.reatilercode = retailer.retailercode 
 AND retailer.distributorcode = distributor.distributorcode 
 AND distributor.regioncode = salesRegion.regioncode 
 AND salesData.salesmonth = currentMonth.monthid 
 AND salesRegion.regionname like :regionname 
 AND retailer.retailername like :retailername 
 AND distributor.distributorname like :distributorname 
 AND salesData.salesyear = :salesyear 
 AND currentMonth.monthname like :monthname 
 
 
 ORDER BY  currentMonth.monthid#appfire#2#appfire#H4sIAAAAAAAAAO1bW3ObOBT+KxmeowwXcfPMPmBjbzPbZjtJdveh0+mISxy6IFLAbbKZ/PcVF8cSCAwkjt00j9aRjvTpfP50dGTfCz+u/cQXJp/uH47vhS9ujPEp9vxbYSLIpmJCx4RANUUNQMdxAIKyBCLFMETRlERZM4Vj4csNSnycrUcF6T+5x/M4zogx9K8yYXIvYBSRSYTER1kQ+okbez6xfkfhKm9OUeinNsrQCa/D5d0N6SQdCx7pUX4Q/rbOZ++sc9LFC9KbEN2dlROc+xnKxx9VDn4E3tInKxDcOHJi0oDCAKXk88V6StJGxrv+uzj0/KS5xqvAD71q1iA9968IOOzmFgJ6FuOrYEkBpN0GXr6JmqwommYBQ1yoACqWDqYmJHsqmdLckqBhF5uYlRNcUitMaVc4yD4W22w1rA/VGjdrKT6ecXecH4cu95wF1aPUHQJ6A7+i7+gkRHh5cpElAV4KLUG9rfZjHbXCx0XwX96mwXzF6cc//DthcoXC1H8gWxDf+AnK4jyAvxF7EiyvWeKVi6oRb918wrM/C+8y/zYrVk9t5Lozh3rMKoZRj/JaME9TrelCs02wMOEcQGhqwJxaEpBEuFgsJFkWJXXDvA/U+hLKU4MZj8ZtvGOg8MPQ4b25mnqMdsc6OmY082RVo6iXJSvCvFw1Ez8k34cYky7WmS00hBR7SqSpigNUWTQAxBoCkuE6AMuOg8jOiAZWBwopAU+gOCvC+DZKt3QZwmp742KroLaSurmOn5nXTTStERnG7ub4rbE4CGVtZyJl2TUZeSpL9X92TrK+y4N+KlqGMZsBy7JtABf2HFgLcQbI4T/VJNWQDVvi09JjnTVYQ9t3SE52GZzFvTRF22SYoWl/FTZMEymupgIZOSaAUq7CEiaJrYEkU5f0CBlocDq7JBN20L7ZYVhSkY/eqrxdRGcW8Co4ziDixWEMsxkHXUE4CMnl0q7IzsvF7oZ2PI292Ez6nNRj3RbUk3QDWrP5FMx0KAOoiVNgaQsR6Ka2gPJCnNtznU+9lHXGv+pU9menHjs5Z0kvQ71nllKHfNUlaLrAicyIpGCiAkRH0YCuIwXrjqboijtQSostiWKcXdc5Xdw4m2Yeo0/PLhubWHDpaD30kc14FTl+wuUztyrALOAnrwkwWHj7P7QewAzu2n4+h09x5i+LrLgRyzWB2XDRFJbEEQparCfwKKq5qyTH+yE3nNTMfam2GbaFZjNqsgbTNl6G0azmtGCaKqvGfKYpQF8QrYSybANDgzY5taEhWrKqQ2nGV0235q3BCKZDN982iBrbv8Uvfz1UfNoCsGui9ddKaEDVgKYCMIy8vIoqAiR5EMgy1qGBFRlhOCrtLD50nf90hxHnfzX8ied/5eUVnf8VIl4sxp//lYOuQOz8/OeJZxj867dmoDUGTtpoJx8I7ew70hy4b6Q7PNL1yjqVKNKRpAPZkx0AI10CjopNECkKVGVXd2V3+HtUWX2rMblRch4vpVVVug+rtz4LjNLSwyqf1qDwwzDuWaCFzWwAdv8sMEhFueybtLOur5LunHXdUvrGub1wro+IeqKoGq6KiYhqLoCiEQHREHWAPSjJXgQ9ZA4VUaqQVmNyS/F4rJrS9eU+1O75AjBKVg+0OtqE1RqkJ74AcKnPidAhpa3tTJ100rOf7L4kPbv1942cB0bOPsqMJBmZWHOAoij5+5SjAseAInAVT49cw0M69AYqc5Hy3/koEVprqrR1WEm1Gvm0imrl5DUUVCsonK0fVU6txnbs/KEUU3ksm7SQS947uXoUAd6o9ULU6iOLbkSyVYRdkrCK5NavRBBImuwBUXE92UWSTrLZgbJYlIlrCUCzvjw2Sy1c9EoAtj8DjEpND/whgD366aYnPAZwD3wmEoeUh/IIOGkhXb/cc+ek65bNN8rtk3IPn6s+af47/l+venz8a9Z7jt9uV7x9CGO8DLIV/SMdumkMdno8i/o9ZeHDteOVE/osXPvPv6bv5z3TpmN5K2KUZXXEVNMoxNT4GmKU7R3wa/1BAQ/m6z67aogRIR8d18fPQ+85jwNZiHnz0d7i6V4jjP3wlAJINw3FSI9lYc5KyxPD2PP3qsecCyvxS5GWbhp1Ya3G8i6slamBM/0WntjVMEqHrEtahfLBvEj2wvhKL+U8qAH+Hgeuj506YMYwCjbjgQe+6nBU9tiPLEWEJ0mAyCUpdSktZluHwq8Nr2lxZTyqrPvB7SQIeyxoumkoYnosC3eaW/aLtVjmt+yuxvCyZRS1y6E8TpeWvaVP2M+KBaIo26BlG4cCZkezmM/87KgwHpXWveFeJnGaNpHXm4dir49n0f+eWw8D/1px2H8w1FrHyhj3HwyPMvZyf5/hSRgLmG4aJWFcqKWE7Q2nS3Z6GSeUfFEtgzPLzdBaYrkxvDzE1U2er3k2k1uyjUOBko5BdmetvCA7YT2xuFkbN9m8DCI/zVB008w4L08/jMo6P+eAblY5IhSVtT3utnb8AHZr+a4zjHkEes3IVMe2Vc+eY8pmNapfzWrI3GUS3f6u2J3Id2frPWHSl/Wtt/lubIRMX+MAz2JMyF68t336/PA/RT6C6f9FAAA=#appfire#Dill Query#appfire#DILL QUERY#appfire#6B0D7C2D-15C3-44F2-9538-82AF92643140#appfire#HX8GNHQR37HO4ZOHCVDUW#appfire#1#appfire#0#appfire#2016-06-04 13:08:31.0#appfire#0#appfire#2016-06-04 13:08:31.0#appfire#0#appfire#1#appfire#\N#appfire#0#appfirenewline#71E60AAE-F0E0-497A-BC8A-57CE4199908F#appfire#SELECT u FROM Login u WHERE u.systemInfo.activeStatus=1 AND u.user.userId IN (SELECT ub.userId FROM UserRoleBridge ub)#appfire#1#appfire#\N#appfire#findMappedUser#appfire#FINDMAPPEDUSER#appfire#6B0D7C2D-15C3-44F2-9538-82AF92643140#appfire#HX8GNHQR37HO4ZOHCVDUW#appfire#1#appfire#0#appfire#2016-06-04 13:08:31.0#appfire#0#appfire#2016-06-04 13:08:31.0#appfire#0#appfire#1#appfire#\N#appfire#0#appfirenewline#7740BFD9-48DB-4D72-9BC4-B69C8E66602B#appfire#SELECT zenHealth.monitorId,zenHealth.scheduledDateTime,zenHealth.serverInstanceId,zenHealth.serverIpAddress,zenHealth.totalClass,zenHealth.classLoaded, zenHealth.classUnloaded,zenHealth.gcCollectionTime,zenHealth.gcMemoryName, ((zenHealth.nonHeapCommitted/1024)/1024) AS nonHeapCommitted, (zenHealth.nonHeapUsed/1024)/1024 AS nonHeapUsed, (zenHealth.heapCommitted/1024)/1024 AS heapCommitted, (zenHealth.maxMemory/1024)/1024 AS maxMemory , 100 - ((zenHealth.usedMemory/zenHealth.totalMemory) * 100) AS freeMemory, (zenHealth.heapUsed/1024)/1024 AS heapUsed, (zenHealth.totalMemory/1024)/1024 AS totalMemory, zenHealth.startTime, zenHealth.upTime,zenHealth.cpuTime, (zenHealth.freePhysicalSize/1024)/1024 AS freePhysicalSize, (zenHealth.totalPhysicalMemorySize/1024)/1024 AS totalPhysicalMemorySize, zenHealth.cpuLoadTime, FUNCTION('ROUND',(zenHealth.freeSwapSize/1024)/1024) AS freeSwapSize, zenHealth.systemLoadAverage, FUNCTION('ROUND',(zenHealth.totalSwapSize/1024)/1024) AS totalSwapSize, zenHealth.availableProcessor,zenHealth.totalThread, zenHealth.threadPeakCount,zenHealth.threadStartedCount,zenHealth.threadDaemonCount,zenHealth.threadCpuTime, zenHealth.threadUserTime,zenHealth.cpuLoad, (zenHealth.usedMemory/zenHealth.totalMemory) * 100 AS usedMemory, (zenHealth.usedSwapSize/1024)/1024 AS usedSwapSize, (zenHealth.usedPhysicalMemory /1024)/1024 AS usedPhysicalMemory FROM ZenHealth AS zenHealth ORDER BY zenHealth.scheduledDateTime DESC#appfire#2#appfire#H4sIAAAAAAAAAMVaTVPbMBD9Lz4zmYFOe+CWJsyQKdAMSXrpcBD2Erv1VyUZCAz/vXYSzK60HiJ1qG7mPe3K70krrzI8Rw8pSIhOf94cRXcZ5Ilqn593j1eiaJmoqMpMV3KWREdRaUNZ+zgXEko9zjPRhkdPUJ6DyHXassLERjg2yVSdiw0z0fYFlpu6w3+JezHKRbkeLbTMynUXKLTYsz/G15Pz8XULPuodUjbFLchthtdMi+ypY46PuxdW82+wiU61bODliGpVcQpJk0MyFRqWWYv1mjnKVTuXg3rAjbC8UH/yUccpLYqaujEdL8+Ws8szZEfLAmcGsuJO5Mr2AuQ9yFnZzlLGgJefYZydsFMYRtgD+D0xKzWsQVIbZlfLgzbEp5MDXajHSSJBKcsERHh6gDKwFiD+X6pCw6NmLXjPAV1pkU9ygcUTzFU3CaaSCeW93kNSSfmzWuNu6otKJIC2OwVd1dJoKpdyofSuypxTjGAvzSieUY1Yb91xVdxWzprX8aTKc4h1VpX0iGcYV+VMCiqeGfAB59ohLlxCUcndayEHCOqunoSbygn5EWfZyecv7+kuq+5l60lVFJnWeNMzjKt+JgX1gBnA+zCtmtscjG/799XXi7OD1v9AF1aKMWAPemrfR7Oy91wQxSm/6CbsqtqMp7pNNojyQjzuCg/17why7t9RrNG/IyaI0jsJYEolmKtWEkzFEirYjqYFnPpXbzpUumngut12hOaiUtCr/xxY1lcu3LK2Fx6pjasngpwvGSjWuF4gJtAVs6mp0P5vV5V9IJXYw0FarLhuqLw3wLmh7iONVrrHgx2483Sjsljk2xBy7BqMz+FrpLCPYGNAuCPq9UV25wo1Y3iA19HFZmKOMTIupEHtLu0uuVYxINCjIFC0VRSIC1YYiwdR20WBUJ+CQOF2MSAyzKdrozQUnffje5BijT9hDOX8KWNyGJ80ZkS4I8HeACbsVf6DW8Bkgyhv58ly0c4wl1UMSlXyTT7LuXrAJqFGsEPC7YNlKkEkxi7oQa890EczO6Dnwijezj4H8XtSNaVGqi3CWbmVwVBv8QEdWHTdNSSsCQbn54ORhLPCGBLQjaloe5CSNYNSfl7QHJwVdERAJybmpcCE/RyYDFwQTDag8pUCyUlHuJ92lIATj+hAvznvG1Kr9/Xve4d63lAr3ChIzB9pCOZ8ocfBxqUeU8HU2s2dgfooHmztDDKYanr1pNotzscBK4ntgzXk/7hx0wmqm06RKLr/krl5+Qs3RLXlPiMAAA==#appfire#App Server Memory Usage#appfire#APP SERVER MEMORY USAGE#appfire#6B0D7C2D-15C3-44F2-9538-82AF92643140#appfire#HX8GNHQR37HO4ZOHCVDUW#appfire#1#appfire#0#appfire#2016-06-04 13:08:31.0#appfire#0#appfire#2016-06-04 13:08:31.0#appfire#0#appfire#1#appfire#\N#appfire#0#appfirenewline#7967A333-DC91-4A5D-B3FD-2CFC0325F812#appfire#SELECT CONCAT(login.coreContacts.firstName, ' : ', abcRequestDetails.ipAddress,  ' : ' , abcRequestDetails.requestId, ' : ',abcRequestDetails.appSessionId ) AS login_corecontacts_firstname,abcRequestDetails.requestId,abcRequestDetails.className,abcRequestDetails.requestTime,abcRequestDetails.requestMethod,abcRequestDetails.httpStatus,abcRequestDetails.returnStatus,abcRequestDetails.executionTime,abcRequestDetails.methodName,abcRequestDetails.startTime,abcRequestDetails.endTime,abcRequestDetails.typeofClass,abcRequestDetails.callSeqId,abcRequestDetails.exceptionId,abcRequestDetails.userId,abcRequestDetails.appSessionId FROM ZenRequestDetails AS abcRequestDetails LEFT OUTER JOIN Login AS login  WHERE    login.user.userId = abcRequestDetails.userId   AND abcRequestDetails.requestTime >= :requestTime   AND abcRequestDetails.requestTime <= :updatedDate  ORDER BY  abcRequestDetails.requestTime DESC ,abcRequestDetails.requestId, abcRequestDetails.callSeqId ASC#appfire#2#appfire#H4sIAAAAAAAAAO1aW0/jOBT+K1WecZV7E7S7UpqkorNMGUHZfVgh5DpuySg3EmcGBvHf107TYqfphQ0MM7O8AD3HPvH5zucv9ikP0tcbnGPp+J+Hx6MH6RqlSTJOAnwnHUu6ZdqWGcfAsmQD6IqiA9kaWMAOEgPammnMAl06kq4zmOOErGaFxd8s4nmaEuqM8JxIxw9SAmP6EKkscD4OqP0LjEpmiNJFmPSZuS/6pvcZ9StHUgAJXH6Q/nLO3RPnnA4JwiKL4P1kGfWSzuxVU7+GwQLTB0oE35F5iCNmhFEIi3oY/UgnInySRgH9xK2oGl0/KCzO8ZwmkSBMPTQ5N03m4YJLpI4VBvRvxdIc1/E1MBpRdHTFdCliAw84qqdbui4Pbd+jY8ky9pRb0VP2LFYSkk8VlA7vpp4cR5CEaVKvTlHY6MJPSEjupWOSl/ixXv/TOquPkwbqzSpsf+TmCp/qsw18HsHP8AvsRzBZ9C9IHiYLaUsh72pU+HpVvy/Cb8xu6lWun/7Eq0xpqmmGc0hSVr7fGTzh4mYnyeAMnePbEhfEwwSGUdGBa+uZO6nmNJ/4UrxrC1yRkBLOVXzXA7I8pJt1ILtgaKsWsDxVVn3FdDzZeiLhR26tG+i0EmNz1Itxrm0BWxe3jYateL4UC3WDY+EcRgWlIZPL1cZkhZl40oaCBkmsqnBmAxjLJtADXQWzQLOAZiJkDpA2Q7H6TAXNl2hMwxjvZHjLuDaae87Un44/+ht41uF6dYA12+lc/Hy2i6v5RSkvJtlar67kF6PtrNjGPihuoz7zFQTGmbSNBautwNeZ3wqbG0HQ4z/aBLmds8dbKar+aBT17mkmIXon6E9J0EOUWo5lA+nQAJaJINA12wLKQEdAsWUVKQMZmjZ8V+p3pf6pN4Kg1L+1Hp0zFi3w6A9eqVvMz1Jqcf5OhuLqVuOUQUg2z8xCmOdItBhVXJzoq/g61HRrYGsDoA08HeiWMgKO4VrAl03bH/mK47mmbBmybsuyolCx0AxVbSdwI/pBrMq6nbwFlFoL25XcXFJ9MfKuun8/wb+qRxSsryGAU91nqfLnmKo/gYgU1/MwL0gF0xqtPaMOvTazAG4doF8FmMAWORgxT692vcb1RTXMJkhHEioLksajw7GBi0WOF6yUx5J7NnGdafUabdFV/t7Hm15IU1tufytFfb0bII/gsuMipo4iWBQTgUW8qWvqfCwxdZd5XpM9iiFvbLH2uv/P3qftIHzE5Cbd3ABr8wsBsY7XDsXa/Z3aIQ0sbgjJLggkZfEEhGDrioIQTITghLp6a9/b5J9jUuZJE4GGtTsThHBNIjDnW+OA7zAqq9a1IA1Nc+fzSCOeCIW/8m4ViAoLLy1nEW7Iw9nl8JQXh6SMZzhvfckqR+o+OOJqV4pvCcHWFQghmIjCUhFe80Wxnw5UgPPGW4I3dc2ejyUmf8E8b/x+wEnQ2AVrQ/fzeNDO/CR446TZ9HRenVGeEheNXZMXo4kAsIR6Z/Peyvsq5yNlHwgIRtEFvuWPxbyp89mQiyWmz3vaUx8nBC+qrx+53MeT6UGSp+w9GOI7hDMmvXzuorG79vPRGld7wfcmCPzq34M10oVZdoGLolHxhrVr6o1wIgBORk9/S+8rXgc3gbhieWUlSwzGy8ZDu6Tu6rceev/Zo+asKoc8XOzP/Jd+z76FUFQ+p2HipgmdW/XfKS7XzDSuGsMxUhRFswBSoQz0mZkACAMDIIRmsomsgYJYW+W6LMfe4cMbjfgfqy3NtWBP/dG0d3Y59c97H87GE2mzH3ta95Wq5Zrm0Bzq9hCMPNsHukPXbA1VBwwN33NMzTfVwa7/M2ld4tLzyMj8gRal7m1cPf4Lz/zBLRgkAAA=#appfire#Request Details#appfire#REQUEST DETAILS#appfire#6B0D7C2D-15C3-44F2-9538-82AF92643140#appfire#HX8GNHQR37HO4ZOHCVDUW#appfire#1#appfire#0#appfire#2016-06-04 13:08:31.0#appfire#0#appfire#2016-06-04 13:08:31.0#appfire#0#appfire#1#appfire#\N#appfire#0#appfirenewline#7A6058D4-7139-4186-98C6-D7B58AA0BCD1#appfire#select e from SessionData e where e.systemInfo.activeStatus=1 and e.appSessionId=:appSessionId and e.sessionKey =:sessionKey#appfire#1#appfire#\N#appfire#findBySessionKey#appfire#FINDBYSESSIONKEY#appfire#6B0D7C2D-15C3-44F2-9538-82AF92643140#appfire#HX8GNHQR37HO4ZOHCVDUW#appfire#1#appfire#0#appfire#2016-06-04 13:08:31.0#appfire#0#appfire#2016-06-04 13:08:31.0#appfire#0#appfire#1#appfire#\N#appfire#0#appfirenewline#B2843970-639B-4036-9288-6891ED4C63EA#appfire#SELECT channel.channel,category.category,brand.branddesc,material.materialdesc,salesRegion.regionname,distributor.distributorname,distributor.longitude,distributor.lattitude,salesData.entityAudit.updatedDate,salesData.salesdate,salesData.salesyear,salesData.salesinvoicenbr,salesData.salesqty,salesData.netsalesamt,salesData.grosssalesamt,currentMonth.monthname,currentMonth.monthid,retailer.retailername FROM Channel AS channel,Category AS category,Brand AS brand,Material AS material,SalesRegion AS salesRegion,Distributor AS distributor,SalesData AS salesData,CurrentMonth AS currentMonth,Retailer AS retailer 
 WHERE 
  salesRegion.regioncode = distributor.regioncode 
 AND distributor.distributorcode = retailer.distributorcode 
 AND category.categoryId = brand.categoryId 
 AND retailer.retailercode = salesData.reatilercode 
 AND brand.brandcode = material.brandcode 
 AND channel.channelId = salesData.channelId 
 AND currentMonth.monthid = salesData.salesmonth 
 AND category.categoryId = salesData.category 
 AND material.materialcode = salesData.materialcode 
 
 
 ORDER BY  currentMonth.monthid#appfire#2#appfire#H4sIAAAAAAAAAO1bW2/jthL+K4GeQ4OUqFuA8yBL1mnQbrrIpj0PxaKgLvGqsKhUlrebLva/H+rimJQo2dLasVP0KTCHHM4382k4HClflb8+xXms3Pz2Vfk9zCi9pVH8RblRNIhDjeoUmCnUAYaQAhhEOjBNNQyJijQVQ+Va+f2J5DEttquS9f9KdfdZVjDhKn4slJuvCiUp20HJ42WS0TCLYib7TFabcnBNVvH6vpLMuhMenp/YJHStRKQg9Q/lV+fe/cG5Z1OiZP20Is93tfpayVWz/K8kWsZsd6WIvxSPSbyK2CBZJWTNxj7sNmWjTEcY/5CtojhvW1ktbPZN2IpHBo6GpYSBdjP6mCw5gKLaJGJDyLSw4y7mwDWxCrAB58AxfAhM2/Cx6sOFtzDZ3KLe4h1n41pURpPifeVqRyL/1li6s6j6eSfxuywWw8qlJomxGgoE78I/yGcyWxG6nH0o8oQulZ7Afmn8wceu+vsh+bscN3Bp9fr9j/GzclPkm/gb80D2FOekyMoY/oeJ82T5aS/7mOHMkGDDlp2GfWGWBhnnQm+34TGZJ6qtmKfOoWNZrgscx/MA9r0FcHzoAs0w5gbSLdXykJx5kaisQw5efnTmiZtLTHod5m3j1su6R7JaM9p9u/7KEK1IUT4pN4pz5ynlkJBKmatTG1EdqJFmA2xqBkAYaSyzUhSkRMXUVEemUs4fA4zumTWG1hyxDsqsQ/zumvOPIHkXVm+QptC9q2VvhC4l5fazNI8Lkqzik1O0nX7vm32Pzk1OcUVMQ3fmvuHZwLfxAmBsG8CeOwggiH3fR6oKkS4nZs5p6tDlRXhCSnIGtG16bTIeMwvDCAahnqaAIAQBTnUWDC0wAMQBVKFmhBShkVk4JEW8zPLn24ij9nZw1pWOYbXbrL6qlg/m3O3UDqkFC8bxmdNZ17G662EbIWD5DuOzoS6AbSwwcBZz3fQ17DnQkPM55DR1uPYiHOazAETm/AHNXUvEyAy5/VISqZRoQU5odBqWtdPmvNzqmPTaKqy45UIPL2xLB3OszgFeOA5wGKPAwnBMdmPCUNOxnFvBVk0n/LXk6KzabigY8Dp8OmYuNEJ2fUcGBFFKApYLzQggO1WBHiCSIjO1I8McmQu3R0TfQS+Tj7tf1esPqkJ7j/mWFW/5jG9BkYdh3OneWjwcgFPkRlU3xifHPGZc7zKvalZ4zIqZbMJRqNdOkx+2W0p4J5gwoa3UqK1vPYaqsRuOAyzo6wBrjgnmNsZARzZaOAhbnmHviPegtDo4W1Xyrk8l3Uc9AY08DkPqJQa1o3Q68h0zkZIwDUwYpQBFusoigdnTHxEM2B3fVFMUBZZtjEyk1ZHS4nJ9zHQkY0hcnbhX7gHJU37Y85u/wbOeN1/i6ENPen7NgH8vpW6UcSllFUmekNUx6LQvIb5r9joimziVFaGwj1gS9A12CNsYYGR5wHJdDUDbcVUXeR60PDmhUk5TJ/wvwiPTitu0bcdecl1Y7osszTSRVr7LgBRgO7VBQBBllaSpBzRAIQ3pyNwXfiKUxivxPl2PzTqyUfecevEhl+l6Zveyw20/8ir9orG+SUMdqXBuA9eFDsCehQBzmAWwZagWNGzDs3oyYLhT1L3uNrI9Nx4OhMTl/Wo7RgjhGPD1pWRCGbN2tccxuDWtMJxOq4urCkeTa7ge3EuwC0qFWMUBjgg7dVgCZzdBXQPIihAwVRRpKTRgqI59WZ5mtPiUCIlwk5er35WCWUss4+vt3UPHdbtlL1ylmzSI804a5DbrkHanZWQmFJVWrNVV3Vq4hgZM34cAqyo7vw1WEDo+tqCj6iZGbk86bGnrJi9+wjB3d4g67t+jV24PF5++AMi5e0uLeFndzjuR3BJXDBhPXwTHJ8bqgUsbKN3M2BUfSrUqP11tl+6hW3+CFAx44xlSwCLz/9gcKSwecv+pyTYiV6oYU8NIA1ahRxorG00bEMuygWkRXWOlEbVCbWzZ+O97mH/fw7zmexh5EdkSTmHZxCJyt/qNZ0gOSdfloyvI3dJeb19MBYmtkBCEAUWpyZ5rXWeXaUJBSAILUmSa6fgKsukr9PV/ZPIxnN12Yg5qKvZ2glpWvOVmUAuKPAzjWkKtxcMBuJQs2UO83YN5NOZNfyHzXbS7uLQ5kXnD6fMw7r1mU/JjM2ddfa4u6T0o7c6DvCTZ19TqoA2P0nE46BmrsV5/17F4SM11qkNxOsiq/R3F61ARe+nN0KhXNM0aWRe9EZ0H4/aZEmG2RqcdEVLIL4/pWVHXX2xXYFufgTdj0/8BoVEg/Qy8kZ0HM/elpAi8K/jOr4KlLuA/xDyrH1YZXSbFhj+X+KEp2Pn1IuqfOIkcrpdtglUswvV+/mX+00I5rOlxre5FTIqijZgbmoSYW99CTIqzA948Md1xxIoGDrI4OLb2YBOT4tnZREkxEzWJ8EVZxwPrP1ezhySN1wVJn1o+cB4WD7fveC+UqmQ+2Ie/MjsS0PNDk5p6kQxt3dOLBsBunSTiPBbG55jkLYzN0CSMzVoZxkb0Om1LGdSEfs6SMKZBG7AgmARb0CAD30y4qmecJ21Xlv5ZPLfQ1yOTYNdLZXhrydnSF42LykCSFju04uBYwOJqEfNdXFxVwqtaejbcyzxbr7vI28NjsbfXi+j/W0ovA3/1bkSszfih73jvJ63IKvl5a7F/6lvOznWj/li0feEQRqd9Gd1z3Wg+Tj1hcMUvo+vofixRPG1KGCQteyJs4I8soW5GWd1UNZt/+/jt/3INbU3iPwAA#appfire#Sales Detail#appfire#SALES DETAIL#appfire#6B0D7C2D-15C3-44F2-9538-82AF92643140#appfire#HX8GNHQR37HO4ZOHCVDUW#appfire#1#appfire#0#appfire#2016-06-04 13:08:31.0#appfire#0#appfire#2016-06-04 13:08:31.0#appfire#0#appfire#1#appfire#\N#appfire#0#appfirenewline#DB690C81-6D1D-4D01-AA5B-D107BF18AC5A#appfire#SELECT salesRegion.regionname,currentMonth.monthid,currentMonth.monthname,distributor.distributorname,distributor.longitude,distributor.lattitude,retailer.retailername,salesData.autoid,salesData.channelId,salesData.salesdate,salesData.salesmonth,salesData.salesyear,salesData.salesinvoicenbr,salesData.branddesc,salesData.salesqty,salesData.netsalesamt,salesData.grosssalesamt,salesData.materialcode,salesData.brandcode,salesData.category,salesData.entityAudit.updatedDate FROM SalesRegion AS salesRegion,CurrentMonth AS currentMonth,Distributor AS distributor,Retailer AS retailer,SalesData AS salesData 
 WHERE 
  salesData.salesmonth = currentMonth.monthid 
 AND retailer.distributorcode = distributor.distributorcode 
 AND distributor.regioncode = salesRegion.regioncode 
 AND salesData.reatilercode = retailer.retailercode 
 AND salesData.salesdate >= :salesdate 
 AND salesData.salesdate <= :createdDate 
 
 
 ORDER BY  currentMonth.monthid#appfire#2#appfire#H4sIAAAAAAAAAO1abXObOBD+Kxk+RxkBQkDm7mawsa+Za9NOkrv70Ol0ZFAcOiBcwG1zmfz3Ey+JJRB2oEnct0+td7WrfXafLtKqN9rnK5pR7fjtze3hjfY+SBk7YSH9oh1rmEAUWpCARLcXAMEkADA0Q4DsANoEJ5hgXTvU3q9IRllxZxXl/5Yez9K04MqYXhba8Y3GSMI30XIS0zxJWXHFdZ9IvL4X+qQgR131xfWKL9EPtZDr6x/ayekFV4dRvorJ9Wnt+Ly0PLgz/RyFS8r31dg6WdDsMqJxyMUkjkh+t7jckMu4j4C+SOOQZu34KrNmzyg/o5ccFgso13C405RdRksBmug0CrnAwIZpYuwBB84tgEzPBhMXIWDprj7zdOT42OVri3qDCyG+XHTFouJNlWCvo71tYtzEUv08VeRalf9trhXByNXZln4xcR/IJ3IUE7Y8OmEFXfIsK2r5pUmCXK7qz/Pov1KjwzLg/M1f9Fo7viRxTm85+nRFM1KkZeV+5/osWl6JbKviiUKBasE6K/G+KhVHLfVDqbYx20GzqbBZh2kbL8No1nJaMc0yLGc2xSaw53MIkGH4wMHIB94cOdAzLBvp0w3TXgkhBi1vHUZIC7bzbYOok/4dftXxCPXpK8BTE63I1pxnZWPMaEyKKGV8hXfqa51eaZssYRATsFiEvAQLAwPdRSYIsU6swA4tAvHAXslBF1m0WHN+B2lIBRZntCBRTLOjniUqJv/jnU1feGedZPobFweNj3taB2mySIXqnDX7dsjcjWMYqQXHFaGx5U3m2HfB3EUzgJCLgTvxdKBDNJ/PdcOAuqUmdCZ46pDuXrmdyF00vRXZskc3JkW5dtZCzfBzvowttZ4C35H8rnwivTEa0Uf7mShonpqMBf1StDussP7ROSn7rr/oE+g5znQKPM/3AZr7M95i4RTwr/wE65ZjOL6upmUoO+uwRtQ/ITnlMBTBPTdFxaL20vThXdjVsYkdOwGOjjA/ckEDLMyQgQTycywO+N+NcGAXzuiSb7iF9t0FQxh/Vlnv7LzbiC4F8ENwXEKkqsMYZksOthXhm2i5StpVB/A62KehnarHnm82fUzqyW4r6um2g7zpbAKmNjIAwnACPMwPtLaL58iYw5k/s9XUy2Vn6ntNo3906smbK0J6Huo9ciuFjLdM5OjAsizeSo2FyS///PaKdd1CzDEXRLcHt1K+Iz8HqVhdXTBVC4axuj5o7Wyn/QOAVgjf+QighUZdh6FjgJb59hJ8I820DqrvGqXSPwrvVP209xLViuJ7vkG1oKjLMOzu1DJ+Otb19VHDwuPOpDa2rGARAhboBKAkWABIsAMCPQiJTULoEndgI63+LXIQ6i7a0aqo7HsXs04a6yleY3pP4vL3wAlq4+I7754iFEXmR41PG9stee9wN/8YH/mNWaeAd6wViySydke3/EPVLlX0Ou5hlbFvVvnXPOoo+MWpfXLqIX1QD23IT5T8E+QaIUCQ8QNloOvAtAI74Id9B6JfffAXZ/fTB39T9cGgPOnS0G91QoW4rxdenLzqsku230ovntOouPbWYVR0CCa7GdIUZa9ycLKufl3yTN+DEwj0qQk5/ZALnLkLgW9BPPVdzzJtyG+KlmFjx3IN00IGv7GrD5ct9zvu0quRl3g5NcpqjrnGC8Efyd62FVjJ44sooXlBklWXzA1nRjThd82KvHzNV0w1qkS0phqNbPxUo3GgnGo0uiefatQJOPw5niNVMOXKiqKvgKqsbKXfb2GFoa6Mu6v4yhcQZQbEF5C95iFO2TIq1uINWxSNwS7ay6hfCho1XD9dL+L2x/n135OXswcS/dDYiZgURRuxIBqFWLBvISbF3gHfDT3anVuSjpuj9PTtZo7yhMSW5yhK2ISXRuzc97+HHjXvDWWYpfhgbx07uCKM0fhEACiKhmIUbWWY01rzlXV84BT28Ce4M6gw/sD/wU4F95qSrIW2EY0C29iqsDaq/UGN2Kc0CihbtAFLilGwJQ8q8M2Cg3rFfs4Xi4ywMKR5sIEvioYCF21lyJNSc9Co9oO1CvNjcd2qdC0ZVeLaVFXbWrO3MwWjRRUgSYoNWlk4FLBsLWM+pcVBpTyotXvDvczSPO8ib4uHYm/by+j/LLXfBv6Ef+WyiMTym1xLOhR9y7x1V2yUz/gWrGphMmBRNKqFKaHWLWxvOAOe6WWaCe1LkAw+UG5MW+fJjeL5Ia5XYXemJwuHAhXnebInGbese6553rsS0GpdIiJJPdLrHmH73xy2n6H7D8pl3tUIto2fh41Ld6SwhP4hjdg0Zdy2elJ6++72f2DLgZKqNAAA#appfire#Cal Query#appfire#CAL QUERY#appfire#6B0D7C2D-15C3-44F2-9538-82AF92643140#appfire#HX8GNHQR37HO4ZOHCVDUW#appfire#1#appfire#0#appfire#2016-06-04 13:08:31.0#appfire#0#appfire#2016-06-04 13:08:31.0#appfire#0#appfire#1#appfire#\N#appfire#0#appfirenewline#FE72DB0D-21A0-45A9-A6C5-D1DCE7C1DB87#appfire#select e from SessionData e where e.systemInfo.activeStatus=1 and e.appSessionId=:appSessionId#appfire#1#appfire#\N#appfire#findByAppSessionId#appfire#FINDBYAPPSESSIONID#appfire#6B0D7C2D-15C3-44F2-9538-82AF92643140#appfire#HX8GNHQR37HO4ZOHCVDUW#appfire#1#appfire#0#appfire#2016-06-04 13:08:31.0#appfire#0#appfire#2016-06-04 13:08:31.0#appfire#0#appfire#1#appfire#\N#appfire#0